filename,object_location,image_small,image_thumb
ezor_001a.jpg,/objects/ezor_001a.jpg,/objects/small/ezor_001a_sm.jpg,/objects/thumbs/ezor_001a_th.jpg
ezor_001b.jpg,/objects/ezor_001b.jpg,/objects/small/ezor_001b_sm.jpg,/objects/thumbs/ezor_001b_th.jpg
ezor_001c.jpg,/objects/ezor_001c.jpg,/objects/small/ezor_001c_sm.jpg,/objects/thumbs/ezor_001c_th.jpg
ezor_001d.jpg,/objects/ezor_001d.jpg,/objects/small/ezor_001d_sm.jpg,/objects/thumbs/ezor_001d_th.jpg
ezor_002a.jpg,/objects/ezor_002a.jpg,/objects/small/ezor_002a_sm.jpg,/objects/thumbs/ezor_002a_th.jpg
ezor_002b.jpg,/objects/ezor_002b.jpg,/objects/small/ezor_002b_sm.jpg,/objects/thumbs/ezor_002b_th.jpg
ezor_002c.jpg,/objects/ezor_002c.jpg,/objects/small/ezor_002c_sm.jpg,/objects/thumbs/ezor_002c_th.jpg
ezor_003a.jpg,/objects/ezor_003a.jpg,/objects/small/ezor_003a_sm.jpg,/objects/thumbs/ezor_003a_th.jpg
ezor_003b.jpg,/objects/ezor_003b.jpg,/objects/small/ezor_003b_sm.jpg,/objects/thumbs/ezor_003b_th.jpg
ezor_004a.jpg,/objects/ezor_004a.jpg,/objects/small/ezor_004a_sm.jpg,/objects/thumbs/ezor_004a_th.jpg
ezor_004b.jpg,/objects/ezor_004b.jpg,/objects/small/ezor_004b_sm.jpg,/objects/thumbs/ezor_004b_th.jpg
ezor_005a.jpg,/objects/ezor_005a.jpg,/objects/small/ezor_005a_sm.jpg,/objects/thumbs/ezor_005a_th.jpg
ezor_005b.jpg,/objects/ezor_005b.jpg,/objects/small/ezor_005b_sm.jpg,/objects/thumbs/ezor_005b_th.jpg
ezor_006a.jpg,/objects/ezor_006a.jpg,/objects/small/ezor_006a_sm.jpg,/objects/thumbs/ezor_006a_th.jpg
ezor_006b.jpg,/objects/ezor_006b.jpg,/objects/small/ezor_006b_sm.jpg,/objects/thumbs/ezor_006b_th.jpg
ezor_006c.jpg,/objects/ezor_006c.jpg,/objects/small/ezor_006c_sm.jpg,/objects/thumbs/ezor_006c_th.jpg
ezor_007a.jpg,/objects/ezor_007a.jpg,/objects/small/ezor_007a_sm.jpg,/objects/thumbs/ezor_007a_th.jpg
ezor_007b.jpg,/objects/ezor_007b.jpg,/objects/small/ezor_007b_sm.jpg,/objects/thumbs/ezor_007b_th.jpg
ezor_008.jpg,/objects/ezor_008.jpg,/objects/small/ezor_008_sm.jpg,/objects/thumbs/ezor_008_th.jpg
ezor_009.jpg,/objects/ezor_009.jpg,/objects/small/ezor_009_sm.jpg,/objects/thumbs/ezor_009_th.jpg
ezor_010.jpg,/objects/ezor_010.jpg,/objects/small/ezor_010_sm.jpg,/objects/thumbs/ezor_010_th.jpg
ezor_011.jpg,/objects/ezor_011.jpg,/objects/small/ezor_011_sm.jpg,/objects/thumbs/ezor_011_th.jpg
ezor_012.jpg,/objects/ezor_012.jpg,/objects/small/ezor_012_sm.jpg,/objects/thumbs/ezor_012_th.jpg
ezor_013.jpg,/objects/ezor_013.jpg,/objects/small/ezor_013_sm.jpg,/objects/thumbs/ezor_013_th.jpg
ezor_014a.jpg,/objects/ezor_014a.jpg,/objects/small/ezor_014a_sm.jpg,/objects/thumbs/ezor_014a_th.jpg
ezor_014c.jpg,/objects/ezor_014c.jpg,/objects/small/ezor_014c_sm.jpg,/objects/thumbs/ezor_014c_th.jpg
ezor_015.jpg,/objects/ezor_015.jpg,/objects/small/ezor_015_sm.jpg,/objects/thumbs/ezor_015_th.jpg
ezor_016.jpg,/objects/ezor_016.jpg,/objects/small/ezor_016_sm.jpg,/objects/thumbs/ezor_016_th.jpg
ezor_017a.jpg,/objects/ezor_017a.jpg,/objects/small/ezor_017a_sm.jpg,/objects/thumbs/ezor_017a_th.jpg
ezor_017b.jpg,/objects/ezor_017b.jpg,/objects/small/ezor_017b_sm.jpg,/objects/thumbs/ezor_017b_th.jpg
ezor_018a.jpg,/objects/ezor_018a.jpg,/objects/small/ezor_018a_sm.jpg,/objects/thumbs/ezor_018a_th.jpg
ezor_018b.jpg,/objects/ezor_018b.jpg,/objects/small/ezor_018b_sm.jpg,/objects/thumbs/ezor_018b_th.jpg
ezor_14b.jpg,/objects/ezor_14b.jpg,/objects/small/ezor_14b_sm.jpg,/objects/thumbs/ezor_14b_th.jpg
